{
  "categorical_accuracy": 0.1657509207725525,
  "loss": 4616481.0,
  "mean_absolute_error": 41.52730941772461,
  "mean_squared_error": 2714.128662109375,
  "val_categorical_accuracy": 0.18681319057941437,
  "val_loss": 20766862.0,
  "val_mean_absolute_error": 40.86644744873047,
  "val_mean_squared_error": 2670.346923828125,
  "epoch": 0,
  "global_step": 171
}